CUSTOMER_ID,CUSTOMER_NAME,CITY,STATE,REGION,COUNTRY,POSTAL_CODE
JG-15310,Jason Gross,Long Beach,California,West,United States,90805
KB-16405,Katrina Bavinger,Apple Valley,California,West,United States,92307
NG-18355,Nat Gilpin,Coral Springs,Florida,South,United States,33065
RO-19780,Rose O'Brian,Arlington,Virginia,South,United States,22204
NP-18685,Nora Pelletier,Des Moines,Washington,West,United States,98198
RD-19480,Rick Duston,Houston,Texas,Central,United States,77095
MB-18085,Mick Brown,Charlotte,North Carolina,South,United States,28205
TG-21640,Trudy Glocke,Long Beach,California,West,United States,90805
ML-17395,Marina Lichtenstein,Bangor,Maine,East,United States,4401
DP-13165,David Philippe,Chicago,Illinois,Central,United States,60610
BF-10975,Barbara Fisher,Charlotte,North Carolina,South,United States,28205
CM-11815,Candace McMahon,El Paso,Texas,Central,United States,79907
NF-18385,Natalie Fritzler,Charlotte,North Carolina,South,United States,28205
JM-15250,Janet Martin,Baltimore,Maryland,East,United States,21215
BS-11365,Bill Shonely,Columbus,Georgia,South,United States,31907
SC-20260,Scott Cohen,Arlington,Texas,Central,United States,76017
DB-13060,Dave Brooks,Chicago,Illinois,Central,United States,60653
JE-16165,Justin Ellison,Franklin,Wisconsin,Central,United States,53132
NM-18445,Nathan Mautz,Concord,California,West,United States,94521
CD-12280,Christina DeMoss,New York City,New York,East,United States,10024
MP-17965,Michael Paige,Bristol,Tennessee,South,United States,37620
SD-20485,Shirley Daniels,Alexandria,Virginia,South,United States,22304
JM-15265,Janet Molinari,Canton,Michigan,Central,United States,48187
PA-19060,Pete Armstrong,Dallas,Texas,Central,United States,75220
DW-13480,Dianna Wilson,Detroit,Michigan,Central,United States,48205
SN-20560,Skye Norling,Chicago,Illinois,Central,United States,60653
RA-19915,Russell Applegate,Chicago,Illinois,Central,United States,60653
PM-18940,Paul MacIntyre,Jackson,Michigan,Central,United States,49201
LB-16795,Laurel Beltran,Apopka,Florida,South,United States,32712
MV-17485,Mark Van Huff,Arlington,Virginia,South,United States,22204
AS-10045,Aaron Smayling,Arlington,Virginia,South,United States,22204
LH-16750,Larry Hughes,Chandler,Arizona,West,United States,85224
SB-20185,Sarah Brown,Chicago,Illinois,Central,United States,60653
KS-16300,Karen Seio,Columbus,Georgia,South,United States,31907
AG-10270,Alejandro Grove,Lawrence,Massachusetts,East,United States,1841
GT-14755,Guy Thornton,Harlingen,Texas,Central,United States,78550
GA-14515,George Ashbrook,Columbus,Georgia,South,United States,31907
SM-20905,Susan MacKendrick,Newark,Ohio,East,United States,43055
AF-10870,Art Ferguson,Chicago,Illinois,Central,United States,60610
PG-18820,Patrick Gardner,Bakersfield,California,West,United States,93309
AJ-10960,Astrea Jones,New York City,New York,East,United States,10035
PM-19135,Peter McVee,Detroit,Michigan,Central,United States,48227
DG-13300,Deirdre Greer,Denver,Colorado,West,United States,80219
JD-15895,Jonathan Doherty,Belleville,New Jersey,East,United States,7109
DB-13405,Denny Blanton,La Porte,Indiana,Central,United States,46350
JE-15745,Joel Eaton,Amarillo,Texas,Central,United States,79109
CB-12025,Cassandra Brandow,Arlington,Texas,Central,United States,76017
DK-12895,Dana Kaydos,Franklin,Tennessee,South,United States,37064
KW-16435,Katrina Willman,Austin,Texas,Central,United States,78745
BG-11695,Brooke Gillingham,Cincinnati,Ohio,East,United States,45231
SG-20470,Sheri Gordon,Atlanta,Georgia,South,United States,30318
LS-17245,Lynn Smith,Gladstone,Missouri,Central,United States,64118
SC-20020,Sam Craven,Houston,Texas,Central,United States,77095
AR-10405,Allen Rosenblatt,Franklin,Massachusetts,East,United States,2038
CS-11950,Carlos Soltero,Chicago,Illinois,Central,United States,60610
SB-20170,Sarah Bern,Chicago,Illinois,Central,United States,60623
ML-18265,Muhammed Lee,Fayetteville,North Carolina,South,United States,28314
JC-15340,Jasper Cacioppo,Los Angeles,California,West,United States,90032
ST-20530,Shui Tom,Albuquerque,New Mexico,West,United States,87105
GM-14680,Greg Matthias,Los Angeles,California,West,United States,90045
TS-21610,Troy Staebel,Chicago,Illinois,Central,United States,60610
IM-15070,Irene Maddox,Colorado Springs,Colorado,West,United States,80906
DM-13015,Darrin Martin,Encinitas,California,West,United States,92024
VG-21805,Vivek Grady,Chicago,Illinois,Central,United States,60653
TC-20980,Tamara Chand,Decatur,Alabama,South,United States,35601
SZ-20035,Sam Zeldin,Canton,Michigan,Central,United States,48187
MS-17710,Maurice Satty,Auburn,Alabama,South,United States,36830
JO-15145,Jack O'Briant,Athens,Georgia,South,United States,30605
SC-20380,Shahid Collister,Atlanta,Georgia,South,United States,30318
JM-15580,Jill Matthias,Baltimore,Maryland,East,United States,21215
RF-19735,Roland Fjeld,Chicago,Illinois,Central,United States,60610
RB-19330,Randy Bradley,Austin,Texas,Central,United States,78745
AZ-10750,Annie Zypern,Dallas,Texas,Central,United States,75217
TC-21295,Toby Carlisle,Everett,Massachusetts,East,United States,2149
JK-15640,Jim Kriz,Cleveland,Ohio,East,United States,44105
JS-16030,Joy Smith,Columbus,Ohio,East,United States,43229
SW-20755,Steven Ward,New York City,New York,East,United States,10009
JB-16045,Julia Barnett,Chula Vista,California,West,United States,91911
MM-17920,Michael Moore,Chesapeake,Virginia,South,United States,23320
BN-11470,Brad Norvell,Brentwood,California,West,United States,94513
SC-20575,Sonia Cooley,Chicago,Illinois,Central,United States,60653
BT-11530,Bradley Talbott,Cleveland,Ohio,East,United States,44105
LT-16765,Larry Tron,Escondido,California,West,United States,92025
SP-20620,Stefania Perrino,Buffalo,New York,East,United States,14215
GR-14560,Georgia Rosenberg,San Francisco,California,West,United States,94110
BE-11455,Brad Eason,Cleveland,Ohio,East,United States,44105
AB-10255,Alejandro Ballentine,Carlsbad,New Mexico,West,United States,88220
NL-18310,Nancy Lomonaco,Danville,California,West,United States,94526
SM-20950,Suzanne McNair,Broomfield,Colorado,West,United States,80020
BS-11800,Bryan Spruell,New York City,New York,East,United States,10011
SC-20725,Steven Cartwright,Houston,Texas,Central,United States,77070
AG-10765,Anthony Garverick,Chicago,Illinois,Central,United States,60623
EB-14110,Eugene Barchas,Columbus,Ohio,East,United States,43229
Co-12640,Corey-Lock,Florence,South Carolina,South,United States,29501
TT-21265,Tim Taslimi,Indianapolis,Indiana,Central,United States,46203
NR-18550,Nick Radford,Amarillo,Texas,Central,United States,79109
RD-19930,Russell D'Ascenzo,Austin,Texas,Central,United States,78745
SG-20605,Speros Goranitis,Asheville,North Carolina,South,United States,28806
JD-15790,John Dryer,Belleville,New Jersey,East,United States,7109
FG-14260,Frank Gastineau,Aurora,Illinois,Central,United States,60505
MM-17260,Magdelene Morse,Columbus,Ohio,East,United States,43229
SL-20155,Sara Luxemburg,Durham,North Carolina,South,United States,27707
EJ-13720,Ed Jacobs,Huntsville,Texas,Central,United States,77340
KM-16375,Katherine Murray,Arlington,Virginia,South,United States,22204
DB-12970,Darren Budd,Houston,Texas,Central,United States,77036
RD-19810,Ross DeVincentis,Akron,Ohio,East,United States,44312
DV-13465,Dianna Vittorini,Denver,Colorado,West,United States,80219
TD-20995,Tamara Dahlen,Bolingbrook,Illinois,Central,United States,60440
RL-19615,Rob Lucas,Chicago,Illinois,Central,United States,60610
BP-11155,Becky Pak,Columbus,Georgia,South,United States,31907
AR-10570,Anemone Ratner,Columbus,Georgia,South,United States,31907
PB-18805,Patrick Bzostek,Salt Lake City,Utah,West,United States,84106
NC-18415,Nathan Cano,Fort Worth,Texas,Central,United States,76106
CS-12130,Chad Sievert,Austin,Texas,Central,United States,78745
VB-21745,Victoria Brennan,Columbus,Georgia,South,United States,31907
HZ-14950,Henia Zydlo,Columbus,Ohio,East,United States,43229
JS-15940,Joni Sundaresam,Appleton,Wisconsin,Central,United States,54915
RE-19405,Ricardo Emerson,Kent,Ohio,East,United States,44240
JD-16015,Joy Daniels,Chicago,Illinois,Central,United States,60610
CS-12490,Cindy Schnelling,Conroe,Texas,Central,United States,77301
KB-16315,Karl Braun,Akron,Ohio,East,United States,44312
KA-16525,Kelly Andreada,Aurora,Illinois,Central,United States,60505
AJ-10795,Anthony Johnson,Apple Valley,California,West,United States,92307
MS-17770,Maxwell Schwartz,Columbus,Ohio,East,United States,43229
VT-21700,Valerie Takahito,Houston,Texas,Central,United States,77070
AG-10300,Aleksandra Gannaway,Franklin,Massachusetts,East,United States,2038
LS-16945,Linda Southworth,Dallas,Texas,Central,United States,75220
CA-12775,Cynthia Arntzen,Detroit,Michigan,Central,United States,48205
JM-15535,Jessica Myrick,Bakersfield,California,West,United States,93309
KN-16450,Kean Nguyen,Baltimore,Maryland,East,United States,21215
DS-13030,Darrin Sayre,Aurora,Colorado,West,United States,80013
CK-12760,Cyma Kinney,Arlington,Virginia,South,United States,22204
AG-10495,Andrew Gjertsen,Alexandria,Virginia,South,United States,22304
SW-20455,Shaun Weien,Lafayette,Louisiana,South,United States,70506
SF-20200,Sarah Foster,Bellingham,Washington,West,United States,98226
PC-18745,Pamela Coakley,Loveland,Colorado,West,United States,80538
PO-18865,Patrick O'Donnell,Columbia,South Carolina,South,United States,29203
LB-16735,Larry Blacks,Fort Worth,Texas,Central,United States,76106
IL-15100,Ivan Liston,Columbus,Indiana,Central,United States,47201
CG-12040,Catherine Glotzbach,Bristol,Tennessee,South,United States,37620
AH-10075,Adam Hart,Arlington,Texas,Central,United States,76017
JB-16000,Joy Bell-,Brownsville,Texas,Central,United States,78521
TS-21160,Theresa Swint,Columbus,Georgia,South,United States,31907
BE-11335,Bill Eplett,Houston,Texas,Central,United States,77041
GM-14695,Greg Maxwell,Alexandria,Virginia,South,United States,22304
KB-16600,Ken Brennan,Chicago,Illinois,Central,United States,60623
MT-17815,Meg Tillman,Jackson,Mississippi,South,United States,39212
RH-19510,Rick Huthwaite,Los Angeles,California,West,United States,90045
BT-11305,Beth Thompson,Costa Mesa,California,West,United States,92627
DB-13360,Dennis Bolton,Lakewood,Ohio,East,United States,44107
ME-18010,Michelle Ellison,Marion,Ohio,East,United States,43302
Dl-13600,Dorris liebe,Cleveland,Ohio,East,United States,44105
SH-20395,Shahid Hopkins,Arlington,Virginia,South,United States,22204
DR-12940,Daniel Raglin,Albuquerque,New Mexico,West,United States,87105
NF-18595,Nicole Fjeld,Chicago,Illinois,Central,United States,60610
CL-12565,Clay Ludtke,Cleveland,Ohio,East,United States,44105
NM-18520,Neoma Murray,Amarillo,Texas,Central,United States,79109
SN-20710,Steve Nguyen,Covington,Washington,West,United States,98042
BE-11410,Bobby Elias,Appleton,Wisconsin,Central,United States,54915
EK-13795,Eileen Kiefer,Chicago,Illinois,Central,United States,60610
RC-19960,Ryan Crowe,Baltimore,Maryland,East,United States,21215
RD-19585,Rob Dowd,Athens,Georgia,South,United States,30605
NP-18325,Naresj Patel,New York City,New York,East,United States,10024
CB-12535,Claudia Bergmann,Burlington,Vermont,East,United States,
JM-15655,Jim Mitchum,Bridgeton,New Jersey,East,United States,8302
CG-12520,Claire Gute,Dallas,Texas,Central,United States,75217
MO-17800,Meg O'Connel,Chicago,Illinois,Central,United States,60653
DL-12865,Dan Lawera,Cincinnati,Ohio,East,United States,45231
SW-20350,Sean Wendt,Cleveland,Ohio,East,United States,44105
JD-16060,Julia Dunbar,Houston,Texas,Central,United States,77095
JF-15295,Jason Fortune-,Logan,Utah,West,United States,84321
TB-21595,Troy Blackwell,Columbus,Indiana,Central,United States,47201
SG-20080,Sandra Glassco,Independence,Missouri,Central,United States,64055
ZD-21925,Zuschuss Donatelli,Chattanooga,Tennessee,South,United States,37421
LR-16915,Lena Radford,Durham,North Carolina,South,United States,27707
GP-14740,Guy Phonely,Lancaster,Pennsylvania,East,United States,17602
AW-10840,Anthony Witt,Allen,Texas,Central,United States,75002
TR-21325,Toby Ritter,Belleville,New Jersey,East,United States,7109
JH-15910,Jonathan Howell,Atlanta,Georgia,South,United States,30318
TB-21250,Tim Brockman,Austin,Texas,Central,United States,78745
GH-14425,Gary Hwang,Jacksonville,Florida,South,United States,32216
MG-17650,Matthew Grinstein,Dallas,Texas,Central,United States,75081
CD-11980,Carol Darley,Medford,Oregon,West,United States,97504
AH-10195,Alan Haines,Bethlehem,Pennsylvania,East,United States,18018
KH-16330,Katharine Harms,Bowling Green,Kentucky,South,United States,42104
DK-12835,Damala Kotsonis,Detroit,Michigan,Central,United States,48234
PF-19120,Peter Fuller,Gilbert,Arizona,West,United States,85234
GB-14575,Giulietta Baptist,Arlington,Virginia,South,United States,22204
SH-19975,Sally Hughsby,Caldwell,Idaho,West,United States,83605
AR-10510,Andrew Roberts,Columbus,Ohio,East,United States,43229
LC-16960,Lindsay Castell,Arlington,Virginia,South,United States,22204
AC-10420,Alyssa Crouse,Houston,Texas,Central,United States,77041
CM-12445,Chuck Magee,Houston,Texas,Central,United States,77095
FC-14335,Fred Chung,Albuquerque,New Mexico,West,United States,87105
RF-19345,Randy Ferguson,Chicago,Illinois,Central,United States,60610
JH-15985,Joseph Holt,Concord,North Carolina,South,United States,28027
NH-18610,Nicole Hansen,Columbus,Georgia,South,United States,31907
MC-17575,Matt Collins,Chicago,Illinois,Central,United States,60623
HG-14845,Harry Greene,Dallas,Texas,Central,United States,75220
AH-10120,Adrian Hane,Aurora,Illinois,Central,United States,60505
MH-17455,Mark Hamilton,Chicago,Illinois,Central,United States,60623
JK-15325,Jason Klamczynski,Atlantic City,New Jersey,East,United States,8401
ER-13855,Elpida Rittenbach,Charlotte,North Carolina,South,United States,28205
ES-14080,Erin Smith,Lakewood,Ohio,East,United States,44107
LA-16780,Laura Armstrong,Austin,Texas,Central,United States,78745
MV-18190,Mike Vittorini,Detroit,Michigan,Central,United States,48234
GH-14410,Gary Hansen,Chicago,Illinois,Central,United States,60653
RH-19600,Rob Haberlin,Carol Stream,Illinois,Central,United States,60188
GZ-14470,Gary Zandusky,Arlington,Virginia,South,United States,22204
AC-10660,Anna Chung,Huntsville,Texas,Central,United States,77340
AF-10885,Art Foster,Fairfield,Ohio,East,United States,45014
BV-11245,Benjamin Venier,Des Moines,Iowa,Central,United States,50315
KM-16660,Khloe Miller,Inglewood,California,West,United States,90301
SC-20845,Sung Chung,Arlington Heights,Illinois,Central,United States,60004
SR-20740,Steven Roelle,Arlington,Virginia,South,United States,22204
KC-16255,Karen Carlisle,Henderson,Kentucky,South,United States,42420
MH-17785,Maya Herman,Glendale,Arizona,West,United States,85301
BB-10990,Barry Blumstein,Inglewood,California,West,United States,90301
AS-10225,Alan Schoenberger,Longmont,Colorado,West,United States,80501
EM-13960,Eric Murdock,Baltimore,Maryland,East,United States,21215
QJ-19255,Quincy Jones,Burlington,Vermont,East,United States,
MK-17905,Michael Kennedy,Chicago,Illinois,Central,United States,60653
PO-18850,Patrick O'Brill,Burlington,Iowa,Central,United States,52601
BS-11380,Bill Stewart,Bowling Green,Ohio,East,United States,43402
AA-10480,Andrew Allen,Concord,North Carolina,South,United States,28027
SJ-20125,Sanjit Jacobs,Chicago,Illinois,Central,United States,60610
CS-12355,Christine Sundaresam,Dublin,Ohio,East,United States,43017
PB-19150,Philip Brown,Avondale,Arizona,West,United States,85323
TT-21070,Ted Trevino,Akron,Ohio,East,United States,44312
SS-20410,Shahid Shariari,Atlanta,Georgia,South,United States,30318
AH-10690,Anna Häberlin,Coral Gables,Florida,South,United States,33134
DM-13525,Don Miller,Houston,Texas,Central,United States,77070
DP-13000,Darren Powers,Carrollton,Texas,Central,United States,75007
CC-12370,Christopher Conant,Fayetteville,North Carolina,South,United States,28314
TS-21655,Trudy Schmidt,El Paso,Texas,Central,United States,79907
JR-15700,Jocasta Rupert,Jacksonville,Florida,South,United States,32216
KC-16675,Kimberly Carter,Henderson,Kentucky,South,United States,42420
KM-16225,Kalyca Meade,Baltimore,Maryland,East,United States,21215
LP-17095,Liz Preis,Aurora,Illinois,Central,United States,60505
DB-13660,Duane Benoit,Dallas,Texas,Central,United States,75081
JE-15715,Joe Elijah,Broomfield,Colorado,West,United States,80020
CC-12685,Craig Carroll,Greensboro,North Carolina,South,United States,27405
TB-21280,Toby Braunhardt,Jacksonville,North Carolina,South,United States,28540
TB-21355,Todd Boyes,Cedar Hill,Texas,Central,United States,75104
SC-20695,Steve Chapman,Detroit,Michigan,Central,United States,48227
SW-20275,Scott Williamson,Jackson,Mississippi,South,United States,39212
AT-10735,Annie Thurman,Bristol,Connecticut,East,United States,6010
AM-10360,Alice McCarthy,Cleveland,Ohio,East,United States,44105
JL-15175,James Lanier,Chandler,Arizona,West,United States,85224
TM-21490,Tony Molinari,Oklahoma City,Oklahoma,Central,United States,73120
RS-19420,Ricardo Sperren,Fairfield,Connecticut,East,United States,6824
MH-17290,Marc Harrigan,Los Angeles,California,West,United States,90036
MM-18055,Michelle Moray,Aurora,Colorado,West,United States,80013
FM-14215,Filia McAdams,Bakersfield,California,West,United States,93309
BW-11110,Bart Watters,Detroit,Michigan,Central,United States,48205
ME-17725,Max Engle,Aurora,Colorado,West,United States,80013
PV-18985,Paul Van Hugh,Cambridge,Massachusetts,East,United States,2138
BD-11605,Brian Dahlen,Lancaster,Pennsylvania,East,United States,17602
RH-19495,Rick Hansen,Denver,Colorado,West,United States,80219
DJ-13630,Doug Jacobs,New York City,New York,East,United States,10024
SC-20800,Stuart Calhoun,Edinburg,Texas,Central,United States,78539
DW-13540,Don Weiss,Dallas,Texas,Central,United States,75220
FM-14290,Frank Merwin,Bakersfield,California,West,United States,93309
SC-20050,Sample Company A,Arlington,Texas,Central,United States,76017
CS-12175,Charles Sheldon,Chattanooga,Tennessee,South,United States,37421
AS-10240,Alan Shonely,Cleveland,Ohio,East,United States,44105
AB-10150,Aimee Bixby,Carrollton,Texas,Central,United States,75007
JP-16135,Julie Prescott,Columbus,Georgia,South,United States,31907
RD-19900,Ruben Dartt,Bellevue,Washington,West,United States,98006
DR-12880,Dan Reichenbach,Chicago,Illinois,Central,United States,60623
KF-16285,Karen Ferguson,Indianapolis,Indiana,Central,United States,46203
AD-10180,Alan Dominguez,Fairfield,Connecticut,East,United States,6824
TT-21460,Tonja Turnell,Aurora,Illinois,Central,United States,60505
DK-12985,Darren Koutras,Chicago,Illinois,Central,United States,60610
RB-19705,Roger Barcio,Houston,Texas,Central,United States,77070
HL-15040,Hunter Lopez,Houston,Texas,Central,United States,77095
DP-13105,Dave Poirier,Eau Claire,Wisconsin,Central,United States,54703
EP-13915,Emily Phan,Chicago,Illinois,Central,United States,60653
TC-21535,Tracy Collins,Arlington,Virginia,South,United States,22204
LC-16930,Linda Cazamias,Naperville,Illinois,Central,United States,60540
SR-20425,Sharelle Roach,Detroit,Michigan,Central,United States,48234
CC-12430,Chuck Clark,Columbus,Indiana,Central,United States,47201
EH-14185,Evan Henry,Decatur,Alabama,South,United States,35601
PH-18790,Patricia Hirasaki,Lakeland,Florida,South,United States,33801
AB-10165,Alan Barnes,Bellevue,Washington,West,United States,98006
DK-13375,Dennis Kane,Abilene,Texas,Central,United States,79605
SB-20290,Sean Braxton,Florence,South Carolina,South,United States,29501
BF-11215,Benjamin Farhat,Albuquerque,New Mexico,West,United States,87105
JL-15235,Janet Lee,Chicago,Illinois,Central,United States,60623
CM-12655,Corinna Mitchell,Houston,Texas,Central,United States,77041
DK-13225,Dean Katz,Anaheim,California,West,United States,92804
JO-15280,Jas O'Carroll,Los Angeles,California,West,United States,90004
NB-18580,Nicole Brennan,Bossier City,Louisiana,South,United States,71111
AG-10900,Arthur Gainer,Chicago,Illinois,Central,United States,60623
JP-15520,Jeremy Pistek,Davis,California,West,United States,95616
KH-16630,Ken Heidel,Akron,Ohio,East,United States,44312
BS-11755,Bruce Stewart,Cleveland,Ohio,East,United States,44105
YS-21880,Yana Sorensen,Burlington,North Carolina,South,United States,27217
MT-18070,Michelle Tran,Houston,Texas,Central,United States,77041
SS-20140,Saphhira Shifley,Columbus,Georgia,South,United States,31907
LW-16825,Laurel Workman,Brentwood,California,West,United States,94513
GZ-14545,George Zrebassa,Lawrence,Massachusetts,East,United States,1841
PF-19165,Philip Fox,Bloomington,Illinois,Central,United States,61701
AR-10540,Andy Reiter,Jackson,Michigan,Central,United States,49201
MO-17950,Michael Oakman,Dallas,Texas,Central,United States,75220
CM-12160,Charles McCrossin,Baltimore,Maryland,East,United States,21215
DW-13585,Dorothy Wardle,Columbus,Ohio,East,United States,43229
DJ-13420,Denny Joy,Milwaukee,Wisconsin,Central,United States,53209
SJ-20500,Shirley Jackson,Fairfield,Connecticut,East,United States,6824
LH-16900,Lena Hernandez,Columbus,Ohio,East,United States,43229
PR-18880,Patrick Ryan,Glenview,Illinois,Central,United States,60025
EB-13930,Eric Barreto,Chicago,Illinois,Central,United States,60653
SK-19990,Sally Knutson,Fairfield,Connecticut,East,United States,6824
FW-14395,Fred Wasserman,Huntsville,Alabama,South,United States,35810
DO-13645,Doug O'Connell,Boynton Beach,Florida,South,United States,33437
KH-16510,Keith Herrera,Arlington,Virginia,South,United States,22204
AA-10645,Anna Andreadi,Chester,Pennsylvania,East,United States,19013
RA-19945,Ryan Akin,Cleveland,Ohio,East,United States,44105
MK-18160,Mike Kennedy,Jacksonville,Florida,South,United States,32216
AH-10585,Angele Hood,Chicago,Illinois,Central,United States,60623
LS-17230,Lycoris Saunders,Dover,Delaware,East,United States,19901
CC-12145,Charles Crestani,El Paso,Texas,Central,United States,79907
VP-21760,Victoria Pisteka,Brownsville,Texas,Central,United States,78521
JH-15820,John Huston,Chicago,Illinois,Central,United States,60610
ES-14020,Erica Smith,Houston,Texas,Central,United States,77036
HM-14860,Harry Marie,Carrollton,Texas,Central,United States,75007
RD-19720,Roger Demir,Chicago,Illinois,Central,United States,60610
JE-15610,Jim Epp,Atlanta,Georgia,South,United States,30318
KD-16495,Keith Dawkins,Chesapeake,Virginia,South,United States,23320
BT-11440,Bobby Trafton,Detroit,Michigan,Central,United States,48227
DJ-13510,Don Jones,Little Rock,Arkansas,South,United States,72209
BG-11740,Bruce Geld,Bakersfield,California,West,United States,93309
RS-19870,Roy Skaria,Burlington,Iowa,Central,United States,52601
LC-17050,Liz Carlisle,Dallas,Texas,Central,United States,75217
MS-17530,MaryBeth Skach,Conway,Arkansas,South,United States,72032
JR-16210,Justin Ritter,Columbus,Indiana,Central,United States,47201
BS-11665,Brian Stugart,Chicago,Illinois,Central,United States,60623
CM-12235,Chris McAfee,Carrollton,Texas,Central,United States,75007
AH-10030,Aaron Hawkins,Gulfport,Mississippi,South,United States,39503
EL-13735,Ed Ludwig,Columbia,Maryland,East,United States,21044
BD-11560,Brendan Dodson,Fresno,California,West,United States,93727
BP-11095,Bart Pistole,El Paso,Texas,Central,United States,79907
KD-16615,Ken Dana,Anaheim,California,West,United States,92804
SC-20095,Sanjit Chand,Concord,California,West,United States,94521
DF-13135,David Flashing,New York City,New York,East,United States,10009
MC-18100,Mick Crebagga,Bloomington,Illinois,Central,United States,61701
RH-19555,Ritsa Hightower,Charlotte,North Carolina,South,United States,28205
AS-10090,Adam Shillingsburg,Charlottesville,Virginia,South,United States,22901
AP-10720,Anne Pryor,Florence,Alabama,South,United States,35630
PC-19000,Pauline Chand,Chandler,Arizona,West,United States,85224
KE-16420,Katrina Edelman,Aurora,Colorado,West,United States,80013
BO-11350,Bill Overfelt,Broken Arrow,Oklahoma,Central,United States,74012
BN-11515,Bradley Nguyen,Lakeville,Minnesota,Central,United States,55044
BT-11485,Brad Thomas,Clinton,Maryland,East,United States,20735
CK-12205,Chloris Kastensmidt,Apopka,Florida,South,United States,32712
MC-17845,Michael Chen,Dallas,Texas,Central,United States,75220
ON-18715,Odella Nelson,Burlington,North Carolina,South,United States,27217
AC-10450,Amy Cox,Avondale,Arizona,West,United States,85323
CR-12730,Craig Reiter,Chicago,Illinois,Central,United States,60610
JG-15805,John Grady,Auburn,New York,East,United States,13021
PK-19075,Pete Kriz,Apple Valley,California,West,United States,92307
DA-13450,Dianna Arnett,Houston,Texas,Central,United States,77095
LR-17035,Lisa Ryan,Houston,Texas,Central,United States,77041
AA-10375,Allen Armold,Atlanta,Georgia,South,United States,30318
JK-15205,Jamie Kunitz,Arlington,Virginia,South,United States,22204
IG-15085,Ivan Gibson,Little Rock,Arkansas,South,United States,72209
ZC-21910,Zuschuss Carroll,Aurora,Colorado,West,United States,80013
EG-13900,Emily Grady,Chesapeake,Virginia,South,United States,23320
GA-14725,Guy Armstrong,Charlotte,North Carolina,South,United States,28205
DB-13615,Doug Bickford,Asheville,North Carolina,South,United States,28806
NP-18700,Nora Preis,Bowling Green,Ohio,East,United States,43402
NP-18670,Nora Paige,Edmond,Oklahoma,Central,United States,73034
EN-13780,Edward Nazzal,Dallas,Texas,Central,United States,75220
SV-20935,Susan Vittorini,Albuquerque,New Mexico,West,United States,87105
TS-21085,Thais Sissman,Ormond Beach,Florida,South,United States,32174
GK-14620,Grace Kelly,Dallas,Texas,Central,United States,75217
CT-11995,Carol Triggs,Apple Valley,Minnesota,Central,United States,55124
CP-12085,Cathy Prescott,Covington,Washington,West,United States,98042
PK-18910,Paul Knutson,Philadelphia,Pennsylvania,East,United States,19143
BB-11545,Brenda Bowman,Chicago,Illinois,Central,United States,60623
PB-19210,Phillip Breyer,Philadelphia,Pennsylvania,East,United States,19134
CL-11890,Carl Ludwig,Chicago,Illinois,Central,United States,60623
CA-12310,Christine Abelman,Anaheim,California,West,United States,92804
BD-11620,Brian DeCherney,Anaheim,California,West,United States,92804
DB-13120,David Bremer,Dallas,Texas,Central,United States,75217
TW-21025,Tamara Willingham,Charlottesville,Virginia,South,United States,22901
HJ-14875,Heather Jas,Detroit,Michigan,Central,United States,48234
DC-13285,Debra Catini,Cottage Grove,Minnesota,Central,United States,55016
AS-10630,Ann Steele,Boynton Beach,Florida,South,United States,33437
EH-13945,Eric Hoffmann,Costa Mesa,California,West,United States,92627
DM-13345,Denise Monton,Asheville,North Carolina,South,United States,28806
CM-12385,Christopher Martinez,Atlanta,Georgia,South,United States,30318
BP-11230,Benjamin Patterson,Broken Arrow,Oklahoma,Central,United States,74012
NF-18475,Neil Französisch,Jacksonville,Florida,South,United States,32216
ML-18040,Michelle Lonsdale,Albuquerque,New Mexico,West,United States,87105
EM-13810,Eleni McCrary,Dover,New Hampshire,East,United States,3820
PL-18925,Paul Lucas,Chicago,Illinois,Central,United States,60610
KB-16240,Karen Bern,Chattanooga,Tennessee,South,United States,37421
DL-13330,Denise Leinenbach,Concord,North Carolina,South,United States,28027
SC-20680,Steve Carroll,Broken Arrow,Oklahoma,Central,United States,74012
HW-14935,Helen Wasserman,Chicago,Illinois,Central,United States,60653
CM-12115,Chad McGuire,Los Angeles,California,West,United States,90008
MO-17500,Mary O'Rourke,Chicago,Illinois,Central,United States,60623
PS-18760,Pamela Stobb,Andover,Massachusetts,East,United States,1810
MS-17830,Melanie Seite,Baltimore,Maryland,East,United States,21215
FM-14380,Fred McMath,Amarillo,Texas,Central,United States,79109
JK-16120,Julie Kriz,Aurora,Illinois,Central,United States,60505
MP-17470,Mark Packer,Brownsville,Texas,Central,United States,78521
KH-16360,Katherine Hughes,Arlington,Virginia,South,United States,22204
RA-19885,Ruben Ausman,Athens,Georgia,South,United States,30605
EH-13765,Edward Hooks,Chicago,Illinois,Central,United States,60623
JL-15130,Jack Lebron,Houston,Texas,Central,United States,77036
SS-20515,Shirley Schmidt,Franklin,Wisconsin,Central,United States,53132
RE-19450,Richard Eichhorn,Auburn,New York,East,United States,13021
RB-19465,Rick Bensley,Chicago,Illinois,Central,United States,60610
BW-11065,Barry Weirich,New York City,New York,East,United States,10035
BC-11125,Becky Castell,El Cajon,California,West,United States,92020
DD-13570,Dorothy Dickinson,Alexandria,Virginia,South,United States,22304
RW-19690,Robert Waldorf,Lafayette,Indiana,Central,United States,47905
MM-18280,Muhammed MacIntyre,Columbus,Georgia,South,United States,31907
EM-14200,Evan Minnotte,Dallas,Texas,Central,United States,75217
JB-15400,Jennifer Braxton,Bristol,Connecticut,East,United States,6010
AP-10915,Arthur Prichep,Columbus,Georgia,South,United States,31907
JK-15370,Jay Kimmel,Fresno,California,West,United States,93727
BF-11080,Bart Folk,Baltimore,Maryland,East,United States,21215
MG-17890,Michael Granlund,Baltimore,Maryland,East,United States,21215
BM-11140,Becky Martin,Des Moines,Washington,West,United States,98198
VM-21835,Vivian Mathis,Boca Raton,Florida,South,United States,33433
JL-15850,John Lucas,Houston,Texas,Central,United States,77095
DH-13075,Dave Hallsten,Decatur,Alabama,South,United States,35601
CK-12595,Clytie Kelty,Charlotte,North Carolina,South,United States,28205
CS-12460,Chuck Sachs,Columbus,Georgia,South,United States,31907
CM-12190,Charlotte Melton,Chicago,Illinois,Central,United States,60623
LC-16885,Lena Creighton,Champaign,Illinois,Central,United States,61821
SC-20440,Shaun Chance,Aurora,Colorado,West,United States,80013
NS-18640,Noel Staavos,Baltimore,Maryland,East,United States,21215
KD-16270,Karen Daniels,Houston,Texas,Central,United States,77095
BS-11590,Brendan Sweed,Columbus,Indiana,Central,United States,47201
HD-14785,Harold Dahlen,Cambridge,Massachusetts,East,United States,2138
DM-12955,Dario Medina,Fairfield,Ohio,East,United States,45014
CC-12220,Chris Cortes,Chesapeake,Virginia,South,United States,23320
GH-14485,Gene Hale,Dallas,Texas,Central,United States,75081
ND-18370,Natalie DeCherney,Glendale,Arizona,West,United States,85301
RC-19825,Roy Collins,Alexandria,Virginia,South,United States,22304
TG-21310,Toby Gnade,Des Moines,Washington,West,United States,98198
RW-19630,Rob Williams,Chicago,Illinois,Central,United States,60610
CC-12670,Craig Carreira,Bloomington,Indiana,Central,United States,47401
AR-10345,Alex Russell,Austin,Texas,Central,United States,78745
AB-10015,Aaron Bergman,Arlington,Texas,Central,United States,76017
FH-14275,Frank Hawley,Aurora,Illinois,Central,United States,60505
VS-21820,Vivek Sundaresam,Huntsville,Texas,Central,United States,77340
CR-12625,Corey Roper,Columbus,Georgia,South,United States,31907
NZ-18565,Nick Zandusky,Columbus,Ohio,East,United States,43229
NK-18490,Neil Knudson,Corpus Christi,Texas,Central,United States,78415
BD-11500,Bradley Drucker,Chicago,Illinois,Central,United States,60653
EM-13825,Elizabeth Moffitt,Dallas,Texas,Central,United States,75081
XP-21865,Xylona Preis,Athens,Georgia,South,United States,30605
AW-10930,Arthur Wiediger,Aurora,Illinois,Central,United States,60505
BO-11425,Bobby Odegard,New York City,New York,East,United States,10024
NC-18340,Nat Carroll,Apple Valley,Minnesota,Central,United States,55124
JC-16105,Julie Creighton,Atlanta,Georgia,South,United States,30318
CC-12610,Corey Catlett,Columbus,Ohio,East,United States,43229
JP-15460,Jennifer Patt,Dallas,Texas,Central,United States,75220
PO-19180,Philisse Overcash,Chicago,Illinois,Central,United States,60623
CJ-11875,Carl Jackson,Philadelphia,Pennsylvania,East,United States,19140
NC-18535,Nick Crebassa,Dallas,Texas,Central,United States,75217
PW-19240,Pierre Wener,Columbia,Maryland,East,United States,21044
JF-15565,Jill Fjeld,Dallas,Texas,Central,United States,75081
ED-13885,Emily Ducich,Houston,Texas,Central,United States,77036
TP-21415,Tom Prescott,Dallas,Texas,Central,United States,75081
SP-20545,Sibella Parks,Chicago,Illinois,Central,United States,60623
TS-21430,Tom Stivers,Los Angeles,California,West,United States,90045
BF-11275,Beth Fritzler,Columbus,Georgia,South,United States,31907
MW-18235,Mitch Willingham,San Francisco,California,West,United States,94122
JD-16150,Justin Deggeller,Los Angeles,California,West,United States,90008
RB-19570,Rob Beeghly,Chicago,Illinois,Central,United States,60610
CS-12505,Cindy Stewart,Columbus,Georgia,South,United States,31907
TS-21505,Tony Sayre,Cleveland,Ohio,East,United States,44105
PJ-19015,Pauline Johnson,Columbus,Ohio,East,United States,43229
KT-16480,Kean Thornton,Buffalo,New York,East,United States,14215
AT-10435,Alyssa Tate,Akron,Ohio,East,United States,44312
AH-10210,Alan Hwang,Anaheim,California,West,United States,92804
TB-21175,Thomas Boland,Henderson,Kentucky,South,United States,42420
BM-11785,Bryan Mills,Buffalo Grove,Illinois,Central,United States,60089
RB-19360,Raymond Buch,Auburn,New York,East,United States,13021
VD-21670,Valerie Dominguez,Columbia,Tennessee,South,United States,38401
JF-15190,Jamie Frazer,Johnson City,Tennessee,South,United States,37604
EH-14125,Eugene Hildebrand,Aurora,Illinois,Central,United States,60505
SV-20365,Seth Vernon,Cleveland,Ohio,East,United States,44105
BF-11170,Ben Ferrer,Atlanta,Georgia,South,United States,30318
FC-14245,Frank Carlisle,Columbia,Missouri,Central,United States,65203
AA-10315,Alex Avila,Minneapolis,Minnesota,Central,United States,55407
LW-17125,Liz Willingham,Norwich,Connecticut,East,United States,6360
EB-13975,Erica Bern,Charlotte,North Carolina,South,United States,28205
TS-21340,Toby Swindell,Houston,Texas,Central,United States,77041
JM-16195,Justin MacKendrick,Aurora,Colorado,West,United States,80013
SJ-20215,Sarah Jordon,Chicago,Illinois,Central,United States,60653
MP-18175,Mike Pelletier,Chicago,Illinois,Central,United States,60623
SW-20245,Scot Wooten,Aurora,Illinois,Central,United States,60505
MC-17275,Marc Crier,Camarillo,California,West,United States,93010
DL-13315,Delfina Latchford,Atlanta,Georgia,South,United States,30318
RR-19315,Ralph Ritter,Aurora,Illinois,Central,United States,60505
RR-19525,Rick Reed,Cary,North Carolina,South,United States,27511
LD-16855,Lela Donovan,Chicago,Illinois,Central,United States,60653
GM-14500,Gene McClure,Bakersfield,California,West,United States,93309
KC-16540,Kelly Collister,Houston,Texas,Central,United States,77041
JL-15505,Jeremy Lonsdale,Aberdeen,South Dakota,Central,United States,57401
EB-13705,Ed Braxton,Akron,Ohio,East,United States,44312
EH-13990,Erica Hackney,Bellevue,Washington,West,United States,98006
KW-16570,Kelly Williams,Clarksville,Tennessee,South,United States,37042
SP-20650,Stephanie Phelps,Akron,Ohio,East,United States,44312
JM-15865,John Murray,Akron,Ohio,East,United States,44312
CC-12550,Clay Cheatham,Los Angeles,California,West,United States,90008
BM-11575,Brendan Murry,Chicago,Illinois,Central,United States,60653
CP-12340,Christine Phan,Jacksonville,Florida,South,United States,32216
CA-11965,Carol Adams,Hoover,Alabama,South,United States,35244
BF-11005,Barry Franz,Aurora,Colorado,West,United States,80013
CA-12265,Christina Anderson,Chattanooga,Tennessee,South,United States,37421
MG-17695,Maureen Gnade,Buffalo,New York,East,United States,14215
DP-13390,Dennis Pardue,Aurora,Illinois,Central,United States,60505
HA-14905,Helen Abelman,Chicago,Illinois,Central,United States,60610
YC-21895,Yoseph Carroll,Dallas,Texas,Central,United States,75217
SS-20875,Sung Shariari,Dallas,Texas,Central,United States,75220
TZ-21580,Tracy Zic,Lakewood,California,West,United States,90712
EJ-14155,Eva Jacobs,Franklin,Massachusetts,East,United States,2038
LC-17140,Logan Currie,Cleveland,Ohio,East,United States,44105
GD-14590,Giulietta Dortch,Arlington,Virginia,South,United States,22204
AG-10330,Alex Grayson,Charlotte,North Carolina,South,United States,28205
KN-16705,Kristina Nunn,Auburn,Alabama,South,United States,36830
MW-18220,Mitch Webber,Coon Rapids,Minnesota,Central,United States,55433
BF-11020,Barry Französisch,Arlington,Texas,Central,United States,76017
TC-21475,Tony Chapman,Aurora,Colorado,West,United States,80013
CL-12700,Craig Leslie,Aurora,Colorado,West,United States,80013
MF-17665,Maureen Fritzler,Columbia,Maryland,East,United States,21044
MB-17305,Maria Bertelson,Akron,Ohio,East,United States,44312
EB-14170,Evan Bailliet,Austin,Texas,Central,United States,78745
RP-19390,Resi Pölking,Baltimore,Maryland,East,United States,21215
CS-11845,Cari Sayre,Chicago,Illinois,Central,United States,60623
CD-12790,Cynthia Delaney,Los Angeles,California,West,United States,90036
JH-16180,Justin Hirsh,Gresham,Oregon,West,United States,97030
GT-14710,Greg Tran,Buffalo,New York,East,United States,14215
TN-21040,Tanja Norvell,Manteca,California,West,United States,95336
FO-14305,Frank Olsen,Chicago,Illinois,Central,United States,60623
NS-18505,Neola Schneider,Dallas,Texas,Central,United States,75217
TH-21235,Tiffany House,Chicago,Illinois,Central,United States,60653
SP-20920,Susan Pistek,Chicago,Illinois,Central,United States,60653
RB-19795,Ross Baird,Charlotte,North Carolina,South,United States,28205
DB-12910,Daniel Byrd,Columbus,Georgia,South,United States,31907
CC-12475,Cindy Chapman,Baltimore,Maryland,East,United States,21215
JR-15670,Jim Radford,Colorado Springs,Colorado,West,United States,80906
TB-21520,Tracy Blumstein,Beaumont,Texas,Central,United States,77705
MC-17605,Matt Connell,Chicago,Illinois,Central,United States,60610
KM-16720,Kunst Miller,Avondale,Arizona,West,United States,85323
BT-11395,Bill Tyler,Altoona,Pennsylvania,East,United States,16602
CY-12745,Craig Yedwab,Chicago,Illinois,Central,United States,60610
CH-12070,Cathy Hwang,Detroit,Michigan,Central,United States,48227
CJ-12010,Caroline Jumper,Allentown,Pennsylvania,East,United States,18103
TB-21400,Tom Boeckenhauer,Alexandria,Virginia,South,United States,22304
EB-13870,Emily Burns,Franklin,Tennessee,South,United States,37064
SU-20665,Stephanie Ulpright,Ann Arbor,Michigan,Central,United States,48104
FH-14350,Fred Harton,Atlanta,Georgia,South,United States,30318
DS-13180,David Smith,Amarillo,Texas,Central,United States,79109
MG-18205,Mitch Gastineau,Jacksonville,Florida,South,United States,32216
JW-15220,Jane Waco,Lakewood,Ohio,East,United States,44107
GM-14440,Gary McGarr,Knoxville,Tennessee,South,United States,37918
Dp-13240,Dean percer,Charlotte,North Carolina,South,United States,28205
AM-10705,Anne McFarland,Auburn,Alabama,South,United States,36830
JS-15880,John Stevenson,Atlanta,Georgia,South,United States,30318
AG-10675,Anna Gayman,Allen,Texas,Central,United States,75002
AG-10525,Andy Gerbode,Houston,Texas,Central,United States,77095
MA-17995,Michelle Arnett,Cheyenne,Wyoming,West,United States,82001
DK-13090,Dave Kipp,Carrollton,Texas,Central,United States,75007
EH-14005,Erica Hernandez,Denver,Colorado,West,United States,80219
AY-10555,Andy Yotov,Los Angeles,California,West,United States,90049
MA-17560,Matt Abelman,Chicago,Illinois,Central,United States,60610
KN-16390,Katherine Nockton,Clinton,Maryland,East,United States,20735
MY-17380,Maribeth Yedwab,Chicago,Illinois,Central,United States,60623
AI-10855,Arianne Irving,Brentwood,California,West,United States,94513
DC-12850,Dan Campbell,Arlington,Texas,Central,United States,76017
CV-12295,Christina VanderZanden,Chicago,Illinois,Central,United States,60653
TM-21010,Tamara Manning,Auburn,New York,East,United States,13021
HR-14770,Hallie Redmond,Jacksonville,Florida,South,United States,32216
JB-15925,Joni Blumstein,Austin,Texas,Central,United States,78745
TB-21055,Ted Butterfield,Fairfield,Ohio,East,United States,45014
TB-21625,Trudy Brown,Grand Prairie,Texas,Central,United States,75051
CW-11905,Carl Weiss,Bozeman,Montana,West,United States,59715
LD-17005,Lisa DeCherney,Detroit,Michigan,Central,United States,48234
AG-10390,Allen Goldenen,Arlington,Virginia,South,United States,22204
JK-16090,Juliana Krohn,Louisville,Kentucky,South,United States,40214
RA-19285,Ralph Arnett,Houston,Texas,Central,United States,77070
LE-16810,Laurel Elliston,Arlington,Virginia,South,United States,22204
PN-18775,Parhena Norris,Bakersfield,California,West,United States,93309
DO-13435,Denny Ordway,Columbus,Ohio,East,United States,43229
KT-16465,Kean Takahito,Chicago,Illinois,Central,United States,60623
DB-13210,Dean Braden,Detroit,Michigan,Central,United States,48234
JC-15385,Jenna Caffey,Kent,Washington,West,United States,98031
DH-13675,Duane Huffman,Harrisonburg,Virginia,South,United States,22801
TS-21370,Todd Sumrall,Chicago,Illinois,Central,United States,60623
EM-14140,Eugene Moren,Glendale,Arizona,West,United States,85301
MC-17635,Matthew Clasen,Decatur,Illinois,Central,United States,62521
CR-12820,Cyra Reiten,Houston,Texas,Central,United States,77041
AB-10600,Ann Blume,Chicago,Illinois,Central,United States,60623
CM-12715,Craig Molinari,Houston,Texas,Central,United States,77070
OT-18730,Olvera Toch,Bethlehem,Pennsylvania,East,United States,18018
AJ-10780,Anthony Jacobs,Baltimore,Maryland,East,United States,21215
LC-16870,Lena Cacioppo,Aurora,Colorado,West,United States,80013
KB-16585,Ken Black,Clinton,Maryland,East,United States,20735
MH-18115,Mick Hernandez,Chester,Pennsylvania,East,United States,19013
LT-17110,Liz Thompson,Bloomington,Illinois,Central,United States,61701
PS-19045,Penelope Sewall,Charlotte,North Carolina,South,United States,28205
LS-17200,Luke Schmidt,Fresno,California,West,United States,93727
JL-15835,John Lee,Charlotte,North Carolina,South,United States,28205
ND-18460,Neil Ducich,Chandler,Arizona,West,United States,85224
RP-19855,Roy Phan,Apopka,Florida,South,United States,32712
MD-17860,Michael Dominguez,Asheville,North Carolina,South,United States,28806
SM-20320,Sean Miller,Allentown,Pennsylvania,East,United States,18103
MG-17680,Maureen Gastineau,Los Angeles,California,West,United States,90049
NW-18400,Natalie Webber,Las Vegas,Nevada,West,United States,89115
VF-21715,Vicky Freymann,Columbus,Indiana,Central,United States,47201
PS-18970,Paul Stevenson,Chicago,Illinois,Central,United States,60610
PJ-18835,Patrick Jones,Dallas,Texas,Central,United States,75217
HM-14980,Henry MacAllister,Burlington,North Carolina,South,United States,27217
SC-20770,Stewart Carmichael,Dallas,Texas,Central,United States,75081
GB-14530,George Bell,Auburn,New York,East,United States,13021
BD-11725,Bruce Degenhardt,Columbus,Georgia,South,United States,31907
HP-14815,Harold Pawlan,Concord,New Hampshire,East,United States,3301
MG-17875,Michael Grace,Arlington,Virginia,South,United States,22204
AO-10810,Anthony O'Donnell,Los Angeles,California,West,United States,90045
JK-15730,Joe Kamberova,Asheville,North Carolina,South,United States,28806
TP-21130,Theone Pippenger,Columbus,Georgia,South,United States,31907
JW-16075,Julia West,Chicago,Illinois,Central,United States,60610
JS-15685,Jim Sink,Los Angeles,California,West,United States,90036
TS-21205,Thomas Seio,Asheville,North Carolina,South,United States,28806
DL-13495,Dionis Lloyd,Chandler,Arizona,West,United States,85224
CS-11860,Cari Schnelling,Dallas,Texas,Central,United States,75220
VG-21790,Vivek Gonzalez,Jacksonville,Florida,South,United States,32216
CK-12325,Christine Kargatis,Chesapeake,Virginia,South,United States,23320
TH-21550,Tracy Hopkins,Burlington,North Carolina,South,United States,27217
BP-11290,Beth Paige,Columbus,Ohio,East,United States,43229
MZ-17515,Mary Zewe,Arlington,Texas,Central,United States,76017
CV-12805,Cynthia Voltz,Austin,Texas,Central,United States,78745
RM-19675,Robert Marley,Cambridge,Massachusetts,East,United States,2138
HG-15025,Hunter Glantz,Amarillo,Texas,Central,United States,79109
HG-14965,Henry Goldwyn,Chicago,Illinois,Central,United States,60653
IM-15055,Ionia McGrath,Las Vegas,Nevada,West,United States,89115
NB-18655,Nona Balk,Dallas,Texas,Central,United States,75217
JE-15475,Jeremy Ellison,Houston,Texas,Central,United States,77095
CR-12580,Clay Rozendal,Bellevue,Washington,West,United States,98006
EM-14095,Eudokia Martin,Los Angeles,California,West,United States,90036
CA-12055,Cathy Armstrong,Cleveland,Ohio,East,United States,44105
SF-20965,Sylvia Foulston,Baytown,Texas,Central,United States,77520
JW-15955,Joni Wasserman,Long Beach,New York,East,United States,11561
RW-19540,Rick Wilson,Brentwood,California,West,United States,94513
JJ-15445,Jennifer Jackson,Chicago,Illinois,Central,United States,60623
EA-14035,Erin Ashbrook,Carrollton,Texas,Central,United States,75007
GT-14635,Grant Thornton,Burlington,North Carolina,South,United States,27217
PT-19090,Pete Takahito,Chicago,Illinois,Central,United States,60623
JH-15430,Jennifer Halladay,Burlington,North Carolina,South,United States,27217
RS-19765,Roland Schwarz,Charlotte,North Carolina,South,United States,28205
PG-18895,Paul Gonzalez,Fort Worth,Texas,Central,United States,76106
LL-16840,Lauren Leatherbury,Lafayette,Louisiana,South,United States,70506
BD-11635,Brian Derr,Bowling Green,Kentucky,South,United States,42104
SM-20005,Sally Matthias,Houston,Texas,Central,United States,77041
HR-14830,Harold Ryan,Gilbert,Arizona,West,United States,85234
CM-11935,Carlos Meador,Fayetteville,North Carolina,South,United States,28314
MJ-17740,Max Jones,Detroit,Michigan,Central,United States,48227
TH-21100,Thea Hendricks,Glendale,Arizona,West,United States,85301
AJ-10945,Ashley Jarboe,Chandler,Arizona,West,United States,85224
DW-13195,David Wiener,Albuquerque,New Mexico,West,United States,87105
FP-14320,Frank Preis,Huntsville,Texas,Central,United States,77340
JK-15625,Jim Karlsson,Columbus,Ohio,East,United States,43229
LP-17080,Liz Pelletier,San Francisco,California,West,United States,94110
KD-16345,Katherine Ducich,Chicago,Illinois,Central,United States,60623
LM-17065,Liz MacKendrick,Auburn,New York,East,United States,13021
BM-11650,Brian Moss,Ann Arbor,Michigan,Central,United States,48104
HH-15010,Hilary Holden,San Francisco,California,West,United States,94110
AS-10285,Alejandro Savely,Dallas,Texas,Central,United States,75081
MR-17545,Mathew Reese,Houston,Texas,Central,United States,77095
MC-17590,Matt Collister,Arlington,Texas,Central,United States,76017
MN-17935,Michael Nguyen,Clinton,Maryland,East,United States,20735
RB-19645,Robert Barroso,Atlanta,Georgia,South,United States,30318
MY-18295,Muhammed Yedwab,Baltimore,Maryland,East,United States,21215
RB-19435,Richard Bierner,Columbus,Ohio,East,United States,43229
TB-21190,Thomas Brumley,Fayetteville,Arkansas,South,United States,72701
RD-19660,Robert Dilbeck,Independence,Missouri,Central,United States,64055
LH-17155,Logan Haushalter,Cincinnati,Ohio,East,United States,45231
ML-17410,Maris LaWare,Chicago,Illinois,Central,United States,60653
RP-19270,Rachel Payne,Houston,Texas,Central,United States,77095
JA-15970,Joseph Airdo,Cuyahoga Falls,Ohio,East,United States,44221
EM-14065,Erin Mull,Frisco,Texas,Central,United States,75034
PF-19225,Phillip Flathmann,Atlanta,Georgia,South,United States,30318
AC-10615,Ann Chong,Beaumont,Texas,Central,United States,77705
BP-11050,Barry Pond,Chicago,Illinois,Central,United States,60623
SH-20635,Stefanie Holloman,Jackson,Tennessee,South,United States,38301
BD-11320,Bill Donatelli,Detroit,Michigan,Central,United States,48227
SC-20230,Scot Coram,Arlington,Texas,Central,United States,76017
SE-20110,Sanjit Engle,Arlington,Virginia,South,United States,22204
JF-15415,Jennifer Ferguson,Chicago,Illinois,Central,United States,60653
JG-15160,James Galang,Atlanta,Georgia,South,United States,30318
PO-19195,Phillina Ober,Bayonne,New Jersey,East,United States,7002
GW-14605,Giulietta Weimer,Henderson,Kentucky,South,United States,42420
MD-17350,Maribeth Dona,Akron,Ohio,East,United States,44312
MS-17980,Michael Stewart,Dallas,Texas,Central,United States,75220
KL-16555,Kelly Lampkin,Aurora,Illinois,Central,United States,60505
JF-15490,Jeremy Farry,Athens,Georgia,South,United States,30605
DN-13690,Duane Noonan,Columbia,Maryland,East,United States,21044
LS-16975,Lindsay Shagiari,Baltimore,Maryland,East,United States,21215
WB-21850,William Brown,Anaheim,California,West,United States,92804
RK-19300,Ralph Kennedy,Philadelphia,Pennsylvania,East,United States,19140
NG-18430,Nathan Gelder,Austin,Texas,Central,United States,78745
MF-18250,Monica Federle,Houston,Texas,Central,United States,77095
JO-15550,Jesus Ocampo,Chester,Pennsylvania,East,United States,19013
CC-12100,Chad Cunningham,Cleveland,Ohio,East,United States,44105
MG-18145,Mike Gockenbach,Jacksonville,Florida,South,United States,32216
MC-17425,Mark Cousins,Chicago,Illinois,Central,United States,60623
LW-17215,Luke Weiss,Chicago,Illinois,Central,United States,60653
MH-17620,Matt Hagelstein,Cincinnati,Ohio,East,United States,45231
MH-18025,Michelle Huthwaite,Buffalo,New York,East,United States,14215
VM-21685,Valerie Mitchum,Burlington,Vermont,East,United States,
ME-17320,Maria Etezadi,Chicago,Illinois,Central,United States,60653
SF-20065,Sandra Flanagan,Clifton,New Jersey,East,United States,7011
DB-13270,Deborah Brumfield,Austin,Texas,Central,United States,78745
MH-17440,Mark Haberlin,Escondido,California,West,United States,92025
GG-14650,Greg Guthrie,Antioch,California,West,United States,94509
DE-13255,Deanra Eno,Dubuque,Iowa,Central,United States,52001
TP-21565,Tracy Poddar,Aurora,Colorado,West,United States,80013
JG-15115,Jack Garza,Charlotte,North Carolina,South,United States,28205
LF-17185,Luke Foster,Houston,Texas,Central,United States,77095
SV-20785,Stewart Visinsky,Baltimore,Maryland,East,United States,21215
DV-13045,Darrin Van Huff,Jacksonville,Florida,South,United States,32216
HA-14920,Helen Andreada,Chicago,Illinois,Central,United States,60623
JJ-15760,Joel Jenkins,Houston,Texas,Central,United States,77036
PP-18955,Paul Prost,Hollywood,Florida,South,United States,33021
CD-11920,Carlos Daly,Lake Elsinore,California,West,United States,92530
DK-13150,David Kendrick,Decatur,Illinois,Central,United States,62521
GH-14665,Greg Hansen,Chicago,Illinois,Central,United States,60610
DB-13555,Dorothy Badders,Dublin,Ohio,East,United States,43017
SA-20830,Sue Ann Reed,Chicago,Illinois,Central,United States,60610
SC-20305,Sean Christensen,Beaumont,Texas,Central,United States,77705
RM-19375,Raymond Messe,Burlington,Vermont,East,United States,
AB-10060,Adam Bellavance,Concord,New Hampshire,East,United States,3301
LW-16990,Lindsay Williams,Henderson,Nevada,West,United States,89015
BG-11035,Barry Gonzalez,Austin,Texas,Central,United States,78745
HK-14890,Heather Kirkland,Boise,Idaho,West,United States,83704
AB-10105,Adrian Barton,Bloomington,Illinois,Central,United States,61701
FA-14230,Frank Atkinson,Denver,Colorado,West,United States,80219
RF-19840,Roy Französisch,Chesapeake,Virginia,South,United States,23320
SP-20860,Sung Pak,Chicago,Illinois,Central,United States,60623
SG-20890,Susan Gilcrest,Amarillo,Texas,Central,United States,79109
AR-10825,Anthony Rawles,Austin,Texas,Central,United States,78745
KL-16645,Ken Lonsdale,Chicago,Illinois,Central,United States,60610
CS-12250,Chris Selesnick,Bossier City,Louisiana,South,United States,71111
EB-13750,Edward Becker,Arlington,Virginia,South,United States,22204
BK-11260,Berenike Kampe,Chicago,Illinois,Central,United States,60610
DL-12925,Daniel Lacy,Eagan,Minnesota,Central,United States,55122
FH-14365,Fred Hopkins,Hempstead,New York,East,United States,11550
MC-18130,Mike Caudle,Los Angeles,California,West,United States,90004
TH-21115,Thea Hudgings,Houston,Texas,Central,United States,77070
SS-20590,Sonia Sunley,Madison,Wisconsin,Central,United States,53711
TT-21220,Thomas Thornton,Chula Vista,California,West,United States,91911
HF-14995,Herbert Flentye,Baltimore,Maryland,East,United States,21215
HE-14800,Harold Engle,Chicago,Illinois,Central,United States,60623
JF-15355,Jay Fein,Austin,Texas,Central,United States,78745
TC-21145,Theresa Coyne,Lakewood,New Jersey,East,United States,8701
BT-11680,Brian Thompson,Clinton,Maryland,East,United States,20735
KH-16690,Kristen Hastings,Los Angeles,California,West,United States,90008
MZ-17335,Maria Zettner,Phoenix,Arizona,West,United States,85023
BW-11200,Ben Wallace,Boynton Beach,Florida,South,United States,33437
EB-13840,Ellis Ballard,Chicago,Illinois,Central,United States,60623
EC-14050,Erin Creighton,Columbus,Ohio,East,United States,43229
VP-21730,Victor Preis,Las Vegas,Nevada,West,United States,89115
GM-14455,Gary Mitchum,Austin,Texas,Central,United States,78745
PB-19105,Peter Bühler,Evanston,Illinois,Central,United States,60201
NC-18625,Noah Childs,Aurora,Colorado,West,United States,80013
LO-17170,Lori Olson,Concord,New Hampshire,East,United States,3301
BP-11185,Ben Peterman,Anaheim,California,West,United States,92804
JC-15775,John Castell,Atlanta,Georgia,South,United States,30318
VW-21775,Victoria Wilson,Bellevue,Washington,West,United States,98006
BH-11710,Brosina Hoffman,Chicago,Illinois,Central,United States,60653
MS-17365,Maribeth Schnelling,Boca Raton,Florida,South,United States,33433
LH-17020,Lisa Hazard,Columbus,Ohio,East,United States,43229
PW-19030,Pauline Webber,Los Angeles,California,West,United States,90036
CS-12400,Christopher Schild,Chicago,Illinois,Central,United States,60623
JS-15595,Jill Stevenson,Chicago,Illinois,Central,United States,60653
ML-17755,Max Ludwig,Chicago,Illinois,Central,United States,60623
SO-20335,Sean O'Donnell,Columbia,Tennessee,South,United States,38401
SV-20815,Stuart Van,Houston,Texas,Central,United States,77041
BD-11770,Bryan Davis,Edmonds,Washington,West,United States,98026
RM-19750,Roland Murray,New York City,New York,East,United States,10011
TA-21385,Tom Ashbrook,Chicago,Illinois,Central,United States,60653
AS-10135,Adrian Shami,Auburn,Washington,West,United States,98002
AH-10465,Amy Hunt,Bartlett,Tennessee,South,United States,38134
CB-12415,Christy Brittain,Chicago,Illinois,Central,United States,60653
